gbifID,occurrenceID,kingdom,phylum,class,order,family,genus,species,taxonRank,countryCode,locality,stateProvince,eventDate,taxonKey,speciesKey,basisOfRecord,institutionCode,collectionCode,identifiedBy,dateIdentified,recordedBy
3696083619,cc1b358a-6f6a-4ecf-bb09-9c3208552cf3,Fungi,Basidiomycota,Agaricomycetes,Agaricales,Agaricaceae,Nidula,Nidula candida,SPECIES,PH,"Mt. Santo Thomas, northern Luzon",Cordillera Administrative Region,1904-10-14 0:00:00,5243564,5243564,PRESERVED_SPECIMEN,NCU,Fungi,,,"Williams, R. S."
3470271842,http://www.botanicalcollections.be/specimen/BR5030115817632,Fungi,Basidiomycota,Agaricomycetes,Agaricales,Hygrophoraceae,Dictyonema,Dictyonema thelephora,SPECIES,PH,"Baguio, Mt. Santa Tomas",,1987-02-01 0:00:00,5239438,5239438,PRESERVED_SPECIMEN,BR,,,,Aptroot A.
3457038584,https://www.inaturalist.org/observations/102704008,Fungi,Basidiomycota,Agaricomycetes,Agaricales,Schizophyllaceae,Schizophyllum,Schizophyllum commune,SPECIES,PH,,Antique,2021-12-08 14:32:00,5241128,5241128,HUMAN_OBSERVATION,iNaturalist,Observations,mira152215,2021-12-08 7:28:40,mira152215
3455843991,https://www.inaturalist.org/observations/103023104,Fungi,Basidiomycota,Agaricomycetes,Agaricales,Schizophyllaceae,Schizophyllum,Schizophyllum commune,SPECIES,PH,,Misamis Oriental,2021-12-14 9:05:46,5241128,5241128,HUMAN_OBSERVATION,iNaturalist,Observations,rica_rocero18,2021-12-14 1:07:24,rica_rocero18
3455807133,https://www.inaturalist.org/observations/101982709,Fungi,Basidiomycota,Agaricomycetes,Agaricales,Pluteaceae,Volvariella,Volvariella volvacea,SPECIES,PH,,Bulacan,2021-11-24 21:36:24,5241445,5241445,HUMAN_OBSERVATION,iNaturalist,Observations,Greg III Espera,2021-11-28 4:15:44,nikocat
3399172781,https://www.inaturalist.org/observations/93034823,Fungi,Basidiomycota,Agaricomycetes,Agaricales,Schizophyllaceae,Schizophyllum,Schizophyllum commune,SPECIES,PH,,Bohol,2021-08-30 7:34:32,5241128,5241128,HUMAN_OBSERVATION,iNaturalist,Observations,Balay Ni Charing,2021-08-30 13:20:17,Balay Ni Charing
3384794161,https://www.inaturalist.org/observations/95110940,Fungi,Basidiomycota,Agaricomycetes,Agaricales,Lyophyllaceae,Termitomyces,,GENUS,PH,,Occidental Mindoro,2021-09-14 16:26:00,2530595,,HUMAN_OBSERVATION,iNaturalist,Observations,Greg III Espera,2021-09-17 14:59:29,Michaela S. Webb
3384633532,https://www.inaturalist.org/observations/56587523,Fungi,Basidiomycota,Agaricomycetes,Agaricales,Agaricaceae,Agaricus,Agaricus trisulphuratus,SPECIES,PH,,Occidental Mindoro,2020-07-31 14:51:00,5242791,5242791,HUMAN_OBSERVATION,iNaturalist,Observations,Eugene Popov,2022-01-17 3:44:37,Michaela S. Webb
3383845609,https://www.inaturalist.org/observations/69192818,Fungi,Basidiomycota,Agaricomycetes,Agaricales,Lyophyllaceae,Termitomyces,,GENUS,PH,,Occidental Mindoro,2020-09-25 11:05:00,2530595,,HUMAN_OBSERVATION,iNaturalist,Observations,Michaela S. Webb,2021-09-17 23:23:58,Michaela S. Webb
3350364701,KF443245,Fungi,Basidiomycota,Agaricomycetes,Agaricales,Hygrophoraceae,Cyphellostereum,,GENUS,PH,,,,7982847,,PRESERVED_SPECIMEN,,,,,
3348557129,LN997761,Fungi,Basidiomycota,Agaricomycetes,Agaricales,Strophariaceae,,,FAMILY,PH,"Manila, University of Santo Tomas",,2012-04-01 0:00:00,4186,,MATERIAL_SAMPLE,,,,,
3348467081,KY861417,Fungi,Basidiomycota,Agaricomycetes,Agaricales,Hygrophoraceae,Cyphellostereum,,GENUS,PH,,,,7982847,,PRESERVED_SPECIMEN,,,,,
3348450190,KY861656,Fungi,Basidiomycota,Agaricomycetes,Agaricales,Hygrophoraceae,Dictyonema,,GENUS,PH,,,,2523832,,PRESERVED_SPECIMEN,,,,,
3348450183,KY861395,Fungi,Basidiomycota,Agaricomycetes,Agaricales,Hygrophoraceae,Cyphellostereum,,GENUS,PH,,,,7982847,,PRESERVED_SPECIMEN,,,,,
3347191271,KF443278,Fungi,Basidiomycota,Agaricomycetes,Agaricales,Hygrophoraceae,Cyphellostereum,Cyphellostereum phyllogenum,SPECIES,PH,,,,7650682,7774223,PRESERVED_SPECIMEN,,,,,
3337438674,https://www.inaturalist.org/observations/89904999,Fungi,Basidiomycota,Agaricomycetes,Agaricales,Lyophyllaceae,Termitomyces,,GENUS,PH,,Bohol,2021-08-01 3:18:57,2530595,,HUMAN_OBSERVATION,iNaturalist,Observations,Greg III Espera,2021-08-04 18:51:42,Balay Ni Charing
3327745386,https://www.inaturalist.org/observations/64143864,Fungi,Basidiomycota,Agaricomycetes,Agaricales,Psathyrellaceae,Coprinellus,Coprinellus aureogranulatus,SPECIES,PH,,Metropolitan Manila,2020-11-04 6:48:00,2534597,2534597,HUMAN_OBSERVATION,iNaturalist,Observations,manuel mendoza,2021-07-16 14:05:08,cnid_arianne
3307329405,https://www.inaturalist.org/observations/82873361,Fungi,Basidiomycota,Agaricomycetes,Agaricales,Schizophyllaceae,Schizophyllum,Schizophyllum commune,SPECIES,PH,,Metropolitan Manila,2020-11-01 21:27:12,5241128,5241128,HUMAN_OBSERVATION,iNaturalist,Observations,Aniruddha Chatterjee,2021-06-13 17:41:54,Aniruddha Chatterjee
3110160684,30ba5421-04cd-4661-b485-1a4d2920ba45,Fungi,Basidiomycota,Agaricomycetes,Agaricales,Agaricaceae,Agaricus,,GENUS,PH,"Irosin, Mt. Bulusan",Sorsogon,1916-08-01 0:00:00,2522460,,PRESERVED_SPECIMEN,F,Botany,,,A. D. E. Elmer
3110158712,e912dfdd-3e25-41c3-b8e7-afffa2d88922,Fungi,Basidiomycota,Agaricomycetes,Agaricales,Agaricaceae,Agaricus,,GENUS,PH,"Irosin, Mt. Bulusan",Sorsogon,1916-06-01 0:00:00,2522460,,PRESERVED_SPECIMEN,F,Botany,,,A. D. E. Elmer
3110156440,3f91413a-2236-4e8c-80c6-128293fc4c6b,Fungi,Basidiomycota,Agaricomycetes,Agaricales,Agaricaceae,Agaricus,,GENUS,PH,"Irosin, Mt. Bulusan",Sorsogon,1916-06-01 0:00:00,2522460,,PRESERVED_SPECIMEN,F,Botany,,,A. D. E. Elmer
3110155898,a4f46dc4-eb54-4bd6-a612-11deeaff0b76,Fungi,Basidiomycota,Agaricomycetes,Agaricales,Agaricaceae,Agaricus,,GENUS,PH,"Irosin, Mt. Bulusan",Sorsogon,1916-09-01 0:00:00,2522460,,PRESERVED_SPECIMEN,F,Botany,,,A. D. E. Elmer
3110153327,a1ff3044-5a6f-4052-baf8-3a42a781e756,Fungi,Basidiomycota,Agaricomycetes,Agaricales,Agaricaceae,Agaricus,,GENUS,PH,"Irosin, Mt. Bulusan",Sorsogon,1915-10-01 0:00:00,2522460,,PRESERVED_SPECIMEN,F,Botany,,,A. D. E. Elmer
3110150831,3f78d5b5-3263-4d1b-bd7c-e9e49172e97b,Fungi,Basidiomycota,Agaricomycetes,Agaricales,Agaricaceae,Agaricus,,GENUS,PH,"Irosin, Mt. Bulusan",Sorsogon,1916-07-01 0:00:00,2522460,,PRESERVED_SPECIMEN,F,Botany,,,A. D. E. Elmer
3110149166,255a3c55-912f-47b8-861d-75ca7482595f,Fungi,Basidiomycota,Agaricomycetes,Agaricales,Agaricaceae,Agaricus,,GENUS,PH,"Irosin, Mt. Bulusan",Sorsogon,1916-07-01 0:00:00,2522460,,PRESERVED_SPECIMEN,F,Botany,,,A. D. E. Elmer
3110148575,f9a30969-9bdf-4ef0-aff4-eaad25b1c222,Fungi,Basidiomycota,Agaricomycetes,Agaricales,Agaricaceae,Agaricus,,GENUS,PH,"Irosin, Mt. Bulusan",Sorsogon,1916-05-01 0:00:00,2522460,,PRESERVED_SPECIMEN,F,Botany,,,A. D. E. Elmer
3110144320,16aaf20c-fa1d-4cdf-9489-c434900dfd97,Fungi,Basidiomycota,Agaricomycetes,Agaricales,Agaricaceae,Agaricus,,GENUS,PH,"Irosin, Mt. Bulusan",Sorsogon,1916-06-01 0:00:00,2522460,,PRESERVED_SPECIMEN,F,Botany,,,A. D. E. Elmer
3110133164,fab4bf1b-500d-4722-a4ce-54892e2e1271,Fungi,Basidiomycota,Agaricomycetes,Agaricales,Agaricaceae,Agaricus,,GENUS,PH,"Irosin, Mt. Bulusan",Sorsogon,1916-04-01 0:00:00,2522460,,PRESERVED_SPECIMEN,F,Botany,,,A. D. E. Elmer
3110133144,f94cd2e7-7e56-45b8-9f6e-31178c9272f1,Fungi,Basidiomycota,Agaricomycetes,Agaricales,Agaricaceae,Agaricus,,GENUS,PH,"Irosin, Mt. Bulusan",Sorsogon,1916-07-01 0:00:00,2522460,,PRESERVED_SPECIMEN,F,Botany,,,A. D. E. Elmer
3110125293,f552b904-fa8f-4fbf-b35f-990096007403,Fungi,Basidiomycota,Agaricomycetes,Agaricales,Agaricaceae,Agaricus,,GENUS,PH,"Irosin, Mt. Bulusan",Sorsogon,1916-04-01 0:00:00,2522460,,PRESERVED_SPECIMEN,F,Botany,,,A. D. E. Elmer
3097301534,https://www.inaturalist.org/observations/73451467,Fungi,Basidiomycota,Agaricomycetes,Agaricales,Schizophyllaceae,Schizophyllum,Schizophyllum commune,SPECIES,PH,,Capiz,2021-04-10 6:41:11,5241128,5241128,HUMAN_OBSERVATION,iNaturalist,Observations,Beah Vega,2021-04-10 1:55:06,Beah Vega
3044618694,https://www.inaturalist.org/observations/62283442,Fungi,Basidiomycota,Agaricomycetes,Agaricales,Schizophyllaceae,Schizophyllum,Schizophyllum commune,SPECIES,PH,,Cavite,2020-10-09 17:15:00,5241128,5241128,HUMAN_OBSERVATION,iNaturalist,Observations,lenisutcliffe,2020-10-11 10:25:20,lenisutcliffe
3044577790,https://www.inaturalist.org/observations/68007880,Fungi,Basidiomycota,Agaricomycetes,Agaricales,Schizophyllaceae,Schizophyllum,Schizophyllum commune,SPECIES,PH,,Rizal,2021-01-13 9:23:19,5241128,5241128,HUMAN_OBSERVATION,iNaturalist,Observations,paenaanes_kristendorothy_grade6,2021-01-13 16:15:30,paenaanes_kristendorothy_grade6
3032122875,https://www.inaturalist.org/observations/68144056,Fungi,Basidiomycota,Agaricomycetes,Agaricales,Schizophyllaceae,Schizophyllum,Schizophyllum commune,SPECIES,PH,,Rizal,2021-01-15 9:31:26,5241128,5241128,HUMAN_OBSERVATION,iNaturalist,Observations,"Marjun Felix Barcoma,Jr.",2021-01-16 8:18:13,"Marjun Felix Barcoma,Jr."
2826191275,https://www.inaturalist.org/observations/54505437,Fungi,Basidiomycota,Agaricomycetes,Agaricales,Schizophyllaceae,Schizophyllum,Schizophyllum commune,SPECIES,PH,,Bulacan,2020-07-27 17:44:40,5241128,5241128,HUMAN_OBSERVATION,iNaturalist,Observations,Jomar Hinolan,2020-07-27 10:21:41,Jomar Hinolan
2803190391,ff62ea2f-bea7-46e2-8282-6f5bf3dd6aa1,Fungi,Basidiomycota,Agaricomycetes,Agaricales,Hygrophoraceae,Dictyonema,Dictyonema thelephora,SPECIES,PH,,Zambales,1933-04-12 0:00:00,5239440,5239438,PRESERVED_SPECIMEN,NHMUK,BOT,Patricia A. Wolseley,,Adolph Daniel Edward Elmer
2619925814,https://www.inaturalist.org/observations/44430521,Fungi,Basidiomycota,Agaricomycetes,Agaricales,Hymenogastraceae,Gymnopilus,Gymnopilus purpureosquamulosus,SPECIES,PH,,Davao del Sur,2020-04-27 21:34:21,3343075,3343075,HUMAN_OBSERVATION,iNaturalist,Observations,Ryan Patrick,2020-05-01 1:42:39,Casey Clark Sumalinog
2611076639,https://www.inaturalist.org/observations/43588396,Fungi,Basidiomycota,Agaricomycetes,Agaricales,Schizophyllaceae,Schizophyllum,Schizophyllum commune,SPECIES,PH,,Davao del Sur,2020-04-25 7:25:47,5241128,5241128,HUMAN_OBSERVATION,iNaturalist,Observations,Casey Clark Sumalinog,2020-04-26 11:38:57,Casey Clark Sumalinog
2603555511,https://www.inaturalist.org/observations/42299763,Fungi,Basidiomycota,Agaricomycetes,Agaricales,Pleurotaceae,Pleurotus,Pleurotus ostreatus,SPECIES,PH,,Surigao del Sur,2020-04-04 13:53:56,2526530,2526530,HUMAN_OBSERVATION,iNaturalist,Observations,Greg III Espera,2020-04-16 13:23:11,kessad12
2576409034,https://www.inaturalist.org/observations/38942289,Fungi,Basidiomycota,Agaricomycetes,Agaricales,Schizophyllaceae,Schizophyllum,Schizophyllum commune,SPECIES,PH,,Laguna,2020-02-21 12:51:16,5241128,5241128,HUMAN_OBSERVATION,iNaturalist,Observations,bia_adz707,2020-02-21 0:54:10,bia_adz707
2575236313,FML:LIL-Fungi:160622,Fungi,Basidiomycota,Agaricomycetes,Agaricales,Schizophyllaceae,Schizophyllum,Schizophyllum commune,SPECIES,PH,,,1907-11-01 0:00:00,5241128,5241128,PRESERVED_SPECIMEN,FML,LIL-Fungi,Graff,,W. I. Hutchinson
2513185219,https://data.biodiversitydata.nl/naturalis/specimen/L%20%200237902,Fungi,Basidiomycota,Agaricomycetes,Agaricales,Schizophyllaceae,Schizophyllum,Schizophyllum commune,SPECIES,PH,,Luzon,1912-11-01 0:00:00,5241128,5241128,PRESERVED_SPECIMEN,,Botany,,,Serviñas V
2460158386,https://www.inaturalist.org/observations/35600566,Fungi,Basidiomycota,Agaricomycetes,Agaricales,Physalacriaceae,Cyptotrama,Cyptotrama asprata,SPECIES,PH,,Laguna,2019-11-12 14:08:09,2536991,2536991,HUMAN_OBSERVATION,iNaturalist,Observations,Abraham J. Medina-Ortiz,2019-11-12 8:19:23,Ling SC
2459991175,https://www.inaturalist.org/observations/14510700,Fungi,Basidiomycota,Agaricomycetes,Agaricales,Schizophyllaceae,Schizophyllum,Schizophyllum commune,SPECIES,PH,,Isabela,2018-07-19 18:20:00,5241128,5241128,HUMAN_OBSERVATION,iNaturalist,Observations,Eugene Popov,2018-09-24 12:57:33,Tim Woodward
2447225114,de5918c8-c7aa-4455-854d-9efb23c8a4d3,Fungi,Basidiomycota,Agaricomycetes,Agaricales,Agaricaceae,Agaricus,,GENUS,PH,"Todaya, Mt. Apo",Davao del Sur,1909-08-01 0:00:00,2522460,,PRESERVED_SPECIMEN,F,Botany,,,A. D. E. Elmer
2447225096,ceb1e03f-bfbb-4dd3-81fb-20abdbe99416,Fungi,Basidiomycota,Agaricomycetes,Agaricales,,,,ORDER,PH,"Irosin, Mt. Bulusan",Sorsogon,1916-05-01 0:00:00,1499,,PRESERVED_SPECIMEN,F,Botany,,,A. D. E. Elmer
2447225012,7e43464a-b040-4ace-833a-9a4bad49cf58,Fungi,Basidiomycota,Agaricomycetes,Agaricales,Schizophyllaceae,Schizophyllum,Schizophyllum commune,SPECIES,PH,"Banga, Zanboanga",,1907-11-01 0:00:00,5241128,5241128,PRESERVED_SPECIMEN,F,Botany,,,H. N. Whitford & W. I. Hutchinson
2447224960,4e3fd40b-66cb-452f-92bc-e460dcf410f3,Fungi,Basidiomycota,Agaricomycetes,Agaricales,,,,ORDER,PH,"Irosin, Mt. Bulusan",Sorsogon,1916-07-01 0:00:00,1499,,PRESERVED_SPECIMEN,F,Botany,,,A. D. E. Elmer
2447224944,3c9054ae-9f0f-436a-b035-179fb51ec688,Fungi,Basidiomycota,Agaricomycetes,Agaricales,,,,ORDER,PH,"Irosin, Mt. Bulusan",Sorsogon,1916-07-01 0:00:00,1499,,PRESERVED_SPECIMEN,F,Botany,,,A. D. E. Elmer
2447224078,a8b47a74-0ed0-421e-931d-c675d2367a5d,Fungi,Basidiomycota,Agaricomycetes,Agaricales,,,,ORDER,PH,"Irosin, Mt. Bulusan",Sorsogon,1916-07-01 0:00:00,1499,,PRESERVED_SPECIMEN,F,Botany,,,A. D. E. Elmer
2447224024,7d34edbb-e530-40c0-bb60-d5b416cfaf6d,Fungi,Basidiomycota,Agaricomycetes,Agaricales,Schizophyllaceae,Schizophyllum,Schizophyllum commune,SPECIES,PH,Dumaguete,Negros Oriental,1908-04-01 0:00:00,5241128,5241128,PRESERVED_SPECIMEN,F,Botany,,,A. D. E. Elmer
2447223973,4bf0e6c0-4cc5-41c3-84ee-f58280fda22e,Fungi,Basidiomycota,Agaricomycetes,Agaricales,,,,ORDER,PH,"Irosin, Mt. Bulusan",Sorsogon,1916-09-01 0:00:00,1499,,PRESERVED_SPECIMEN,F,Botany,,,A. D. E. Elmer
2447223940,2d094111-979d-4f16-a041-58ee7f0893e6,Fungi,Basidiomycota,Agaricomycetes,Agaricales,Schizophyllaceae,Schizophyllum,Schizophyllum commune,SPECIES,PH,"Puerto Princesa, Mt. Pulgar",Palawan,1911-05-01 0:00:00,5241128,5241128,PRESERVED_SPECIMEN,F,Botany,W. B. Cooke,1960-01-01 0:00:00,A. D. E. Elmer
2447221144,e5eae5c8-ae0c-4ff6-986b-9a73a0970cd7,Fungi,Basidiomycota,Agaricomycetes,Agaricales,,,,ORDER,PH,"Irosin, Mt. Bulusan",Sorsogon,1916-09-01 0:00:00,1499,,PRESERVED_SPECIMEN,F,Botany,,,A. D. E. Elmer
2447221129,d54428f5-5713-4297-a07e-ec89f20861fa,Fungi,Basidiomycota,Agaricomycetes,Agaricales,Schizophyllaceae,Schizophyllum,Schizophyllum commune,SPECIES,PH,Bontoc,Mountain,1913-04-01 0:00:00,5241128,5241128,PRESERVED_SPECIMEN,F,Botany,,,M. Vanoverbergh
2447221039,7646fad2-defa-4041-b707-7223c7ea2032,Fungi,Basidiomycota,Agaricomycetes,Agaricales,,,,ORDER,PH,"Irosin, Mt. Bulusan",Sorsogon,1916-07-01 0:00:00,1499,,PRESERVED_SPECIMEN,F,Botany,,,A. D. E. Elmer
2447220140,e76c68b4-2a95-410d-aadd-13ccf674943a,Fungi,Basidiomycota,Agaricomycetes,Agaricales,,,,ORDER,PH,"Irosin, Mt. Bulusan",Sorsogon,1916-08-01 0:00:00,1499,,PRESERVED_SPECIMEN,F,Botany,,,A. D. E. Elmer
2447219968,401bebc6-96ca-4f0c-87fb-6cba608b3116,Fungi,Basidiomycota,Agaricomycetes,Agaricales,,,,ORDER,PH,"Irosin, Mt. Bulusan",Sorsogon,1916-07-01 0:00:00,1499,,PRESERVED_SPECIMEN,F,Botany,,,A. D. E. Elmer
2447219178,fabe3eb8-92bd-4d1f-b6fb-b26f69ad828c,Fungi,Basidiomycota,Agaricomycetes,Agaricales,Schizophyllaceae,Schizophyllum,Schizophyllum commune,SPECIES,PH,,Iloilo,1912-12-27 0:00:00,5241128,5241128,PRESERVED_SPECIMEN,F,Botany,,,C. B. Robinson
2447219056,8cdfd29a-d0c2-48a0-a2ea-69cbc721e6f7,Fungi,Basidiomycota,Agaricomycetes,Agaricales,,,,ORDER,PH,"Irosin, Mt. Bulusan",Sorsogon,1916-09-01 0:00:00,1499,,PRESERVED_SPECIMEN,F,Botany,,,A. D. E. Elmer
2447218988,47c30eec-c181-42af-9bc4-bed205d978f3,Fungi,Basidiomycota,Agaricomycetes,Agaricales,,,,ORDER,PH,"Irosin, Mt. Bulusan",Sorsogon,1916-09-01 0:00:00,1499,,PRESERVED_SPECIMEN,F,Botany,,,A. D. E. Elmer
2447218973,3b3fb91b-4381-48c2-9fea-59ae2563acda,Fungi,Basidiomycota,Agaricomycetes,Agaricales,,,,ORDER,PH,"Los Banos, Mt. Maquiling",Laguna,1917-06-01 0:00:00,1499,,PRESERVED_SPECIMEN,F,Botany,,,A. D. E. Elmer
2447218967,3843fe3f-ab98-4a91-9133-f830c552af1b,Fungi,Basidiomycota,Agaricomycetes,Agaricales,Schizophyllaceae,Schizophyllum,Schizophyllum commune,SPECIES,PH,"Irosin, Mt. Bulusan",Sorsogon,1916-08-01 0:00:00,5241128,5241128,PRESERVED_SPECIMEN,F,Botany,,,A. D. E. Elmer
2447217962,39fff66b-5e64-4472-9c91-3bd3fda29218,Fungi,Basidiomycota,Agaricomycetes,Agaricales,,,,ORDER,PH,"Irosin, Mt. Bulusan",Sorsogon,1916-09-01 0:00:00,1499,,PRESERVED_SPECIMEN,F,Botany,,,A. D. E. Elmer
2447217124,e85909d8-7ede-4533-911e-77e4580db13a,Fungi,Basidiomycota,Agaricomycetes,Agaricales,,,,ORDER,PH,"Irosin, Mt. Bulusan",Sorsogon,1916-08-01 0:00:00,1499,,PRESERVED_SPECIMEN,F,Botany,,,A. D. E. Elmer
2422951585,https://www.inaturalist.org/observations/32274663,Fungi,Basidiomycota,Agaricomycetes,Agaricales,Schizophyllaceae,Schizophyllum,Schizophyllum commune,SPECIES,PH,,Metropolitan Manila,2019-09-03 16:36:38,5241128,5241128,HUMAN_OBSERVATION,iNaturalist,Observations,Carlos G Velazco-Macias,2019-09-07 16:06:07,Carlos G Velazco-Macias
2270769614,df87d1df-ff2e-498b-a1c0-ba17ed9ccde5,Fungi,Basidiomycota,Agaricomycetes,Agaricales,Hygrophoraceae,Dictyonema,Dictyonema irpicinum,SPECIES,PH,Dumaguete,Visayas,,2523834,5239429,PRESERVED_SPECIMEN,ASU,Lichens,A.C. Herre,,A.C. Herre
2005091089,3bca9ef5-9666-41fb-9223-628a13870964,Fungi,Basidiomycota,Agaricomycetes,Agaricales,Hygrophoraceae,Dictyonema,Dictyonema irpicinum,SPECIES,PH,"Between Durongawan III to Ilalim (bottom of crater), Mt. Banahao",Luzon,1965-05-21 0:00:00,5239429,5239429,PRESERVED_SPECIMEN,TENN,,Isao Yoshimura,,"Z. Iwatsuki, A.J. & Evelyn Sharp"
1999380369,f399df69-9baa-415b-8ed6-8a337e6cb95e,Fungi,Basidiomycota,Agaricomycetes,Agaricales,Hygrophoraceae,Dictyonema,Dictyonema irpicinum,SPECIES,PH,[data not captured],,1904-04-21 0:00:00,2523837,5239429,PRESERVED_SPECIMEN,FH,FH,,,E. B. Copeland
1999368374,f0ce1363-8338-4d13-8b02-6c715ba8df27,Fungi,Basidiomycota,Agaricomycetes,Agaricales,Agaricaceae,,,FAMILY,PH,[data not captured],,1933-08-17 0:00:00,4170,,PRESERVED_SPECIMEN,FH,FH,,,J. M. Mendoza
1999248322,d5917dbf-e333-4067-bf13-414614756fde,Fungi,Basidiomycota,Agaricomycetes,Agaricales,Agaricaceae,Lycoperdon,,GENUS,PH,"Baguio area, Luzon, P. I.",,1948-06-01 0:00:00,9072221,,PRESERVED_SPECIMEN,FH,FH,,,R. S. Davis
1999167431,c32739c3-e6fc-4e90-93d4-1d9e77b4db5c,Fungi,Basidiomycota,Agaricomycetes,Agaricales,Hygrophoraceae,Dictyonema,Dictyonema irpicinum,SPECIES,PH,[data not captured],,1909-06-01 0:00:00,2523837,5239429,PRESERVED_SPECIMEN,FH,FH,,,R. C. McGregor
1999114580,b741fc8d-c14c-49b1-99d2-8c0674a4802d,Fungi,Basidiomycota,Agaricomycetes,Agaricales,Agaricaceae,Cyathus,Cyathus poeppigii,SPECIES,PH,"Manila, Luzon, Manila, P. I.",,1947-10-01 0:00:00,5454216,5454216,PRESERVED_SPECIMEN,FH,FH,,,R. S. Davis
1998850613,7bbbc76a-4142-4faf-9ac8-d6d6aad0624d,Fungi,Basidiomycota,Agaricomycetes,Agaricales,Agaricaceae,Cyathus,Cyathus elmeri,SPECIES,PH,"Palo, Leyte",Leyte,1906-01-01 0:00:00,5454177,5454177,PRESERVED_SPECIMEN,FH,FH,,,[no data available]
1998820989,74f1748c-e4a1-4808-bdac-6d2c4a962844,Fungi,Basidiomycota,Agaricomycetes,Agaricales,Agaricaceae,Bovista,Bovista pila,SPECIES,PH,Bureau of Science,Manila,1935-05-25 0:00:00,3333348,3333348,PRESERVED_SPECIMEN,FH,FH,,,[no data available]
1998629416,49eff44b-c28a-44e5-9fc4-90d1e87c7313,Fungi,Basidiomycota,Agaricomycetes,Agaricales,Agaricaceae,Cyathus,,GENUS,PH,"Alabang, Rizal Province Luzon",Rizal,1935-07-10 0:00:00,7413707,,PRESERVED_SPECIMEN,FH,FH,,,J. M. Mendoza
1998600689,435d2156-84b1-4609-b0e3-06a1599ad29e,Fungi,Basidiomycota,Agaricomycetes,Agaricales,Agaricaceae,Cyathus,Cyathus poeppigii,SPECIES,PH,[no additional data],Basilan,1921-06-01 0:00:00,5454216,5454216,PRESERVED_SPECIMEN,FH,FH,,,G. M. Reyes
1998588377,40a009ac-1d47-4b63-b4e9-1120cba4ae38,Fungi,Basidiomycota,Agaricomycetes,Agaricales,Agaricaceae,Apioperdon,Apioperdon pyriforme,SPECIES,PH,"Baguio, Mountain Province, Luzon",Benguet,1935-05-16 0:00:00,5243232,10852503,PRESERVED_SPECIMEN,FH,FH,,,W. H. Brown
1998564270,3b18d428-6233-452b-ba69-4a01b964706c,Fungi,Basidiomycota,Agaricomycetes,Agaricales,Agaricaceae,Cyathus,Cyathus striatus,SPECIES,PH,"Manila, Luzon",,1934-09-07 0:00:00,5243151,5243151,PRESERVED_SPECIMEN,FH,FH,,,P. S. Gener
1998466747,2534c80d-b82c-4206-979f-cadf32a65e5c,Fungi,Basidiomycota,Agaricomycetes,Agaricales,Agaricaceae,Cyathus,Cyathus elmeri,SPECIES,PH,"Palo, Leyte",Leyte,1906-01-01 0:00:00,5454177,5454177,PRESERVED_SPECIMEN,FH,FH,,,[no data available]
1998418086,1a5ba2aa-7ec9-4545-bd93-a9a64840711c,Fungi,Basidiomycota,Agaricomycetes,Agaricales,Agaricaceae,Lycoperdon,,GENUS,PH,"Baguio area, northern Luzon province",,1948-05-01 0:00:00,9072221,,PRESERVED_SPECIMEN,FH,FH,,,R. S. Davis
1990330184,c280cc71-6cdd-4686-8fa4-11036db2af30,Fungi,Basidiomycota,Agaricomycetes,Agaricales,Pleurotaceae,Pleurotus,Pleurotus djamor,VARIETY,PH,"Las Banos, See Below",Calabarzon,1989-01-23 0:00:00,3329795,2526599,PRESERVED_SPECIMEN,TENN-F,,,,T. Quimio
1990302225,9ede4dd9-4f5f-4083-8a51-60a234578638,Fungi,Basidiomycota,Agaricomycetes,Agaricales,Fistulinaceae,Fistulina,Fistulina hepatica,SPECIES,PH,"Kabayan, Luzon Island, Mt. Pulog, Benguet",Cordillera,1965-06-11 0:00:00,2531012,2531012,PRESERVED_SPECIMEN,TENN-F,,,,A.J. Sharp
1990302179,9e5ebd08-336b-4faf-8570-7002562294c7,Fungi,Basidiomycota,Agaricomycetes,Agaricales,Clavariaceae,Clavaria,,GENUS,PH,"Majayjay, Between Kinahuhayan To Puroy, Mt. Banahaw",Calabarzon,1965-05-20 0:00:00,9091779,,PRESERVED_SPECIMEN,TENN-F,,,,Z. Iwatsuki & A.J. Sharp
1990302142,31d438b8-f4e1-4863-a8a8-ea535a211dd2,Fungi,Basidiomycota,Agaricomycetes,Agaricales,Pleurotaceae,Pleurotus,,GENUS,PH,"Majayjay, Between Durongawan Iii To Tatlong Tangki, Mt. Banahao",Calabarzon,1965-05-22 0:00:00,2518610,,PRESERVED_SPECIMEN,TENN-F,,,,"A.J. Sharp, et al."
1990302134,708a2d07-46ce-46fc-b9e1-19bb3ea5c2ee,Fungi,Basidiomycota,Agaricomycetes,Agaricales,Mycenaceae,Favolaschia,,GENUS,PH,"Mount Data, Luzon Island, Mt. Data",Mountain,1965-06-07 0:00:00,2527352,,PRESERVED_SPECIMEN,TENN-F,,,,A.J. Sharp & Z. Iwatsuki
1990302118,046a63c6-8366-4f86-aa15-28239d4151ca,Fungi,Basidiomycota,Agaricomycetes,Agaricales,Schizophyllaceae,Schizophyllum,Schizophyllum commune,SPECIES,PH,"Irosin, Between Junction To Masacot Spring, Mt. Bulusan",Bicol,1965-05-31 0:00:00,5241128,5241128,PRESERVED_SPECIMEN,TENN-F,,,,A.J. Sharp & Z. Iwatsuki
1990276058,17e4929b-abb2-4006-a761-32fcb2a7b638,Fungi,Basidiomycota,Agaricomycetes,Agaricales,Schizophyllaceae,Schizophyllum,Schizophyllum commune,SPECIES,PH,"Mindanao, Isabela De Basilan",Basilan,,5241128,5241128,PRESERVED_SPECIMEN,TENN-F,,,,O.A. Reinking
1990275881,81cb6dc8-86fa-4ba0-a708-635cf2a4253d,Fungi,Basidiomycota,Agaricomycetes,Agaricales,Schizophyllaceae,Schizophyllum,Schizophyllum commune,SPECIES,PH,Los Banos,Laguna,1919-12-14 0:00:00,5241128,5241128,PRESERVED_SPECIMEN,TENN-F,,,,V.M. Sarmiento
1990274883,e91c0c25-a143-4c48-9ef2-ca7a39bf50f9,Fungi,Basidiomycota,Agaricomycetes,Agaricales,Psathyrellaceae,Ozonium,Ozonium auricomum,SPECIES,PH,"Los Banos, College Farm",Laguna,,2593189,2593189,PRESERVED_SPECIMEN,TENN-F,,,,O.A. Reinking
1990274877,695b4057-f4ff-4774-8694-6af2cda49f81,Fungi,Basidiomycota,Agaricomycetes,Agaricales,Psathyrellaceae,Ozonium,,GENUS,PH,"Luzon Island, Mt. Makiling",Laguna,,2518082,,PRESERVED_SPECIMEN,TENN-F,,,,Minano
1989324250,c1c93ded-96fd-42d7-ac2b-3715dbb1eefa,Fungi,Basidiomycota,Agaricomycetes,Agaricales,Amanitaceae,Amanita,Amanita pantherina,SPECIES,PH,"Baguio, Luzon",Mountain,1933-05-30 0:00:00,8961574,8961574,PRESERVED_SPECIMEN,MICH,Fungi,,,W. H. Brown
1989316409,bfafb801-80a4-4c3f-bdfa-502c2b74ddd7,Fungi,Basidiomycota,Agaricomycetes,Agaricales,Amanitaceae,Aspidella,Aspidella solitaria,SPECIES,PH,Luzon; Baguio.,Mountain,1938-06-07 0:00:00,5240219,7242066,PRESERVED_SPECIMEN,MICH,Fungi,,,J. M. Mendoza
1989296261,ba62a224-a457-49ee-8e1f-958a036bd408,Fungi,Basidiomycota,Agaricomycetes,Agaricales,Strophariaceae,Stropharia,,GENUS,PH,Manila,,1948-05-03 0:00:00,11159309,,PRESERVED_SPECIMEN,MICH,Fungi,,,R. S. Davis
1989155443,94e3a4ec-1f66-4089-a4b2-e11d866dcbe6,Fungi,Basidiomycota,Agaricomycetes,Agaricales,Agaricaceae,Lepiota,,GENUS,PH,"Pandacan, Manila.",,1933-07-22 0:00:00,9227295,,PRESERVED_SPECIMEN,MICH,Fungi,,,J. M. Mendoza
1989138696,9071ce2d-b18f-4c42-940d-cac94656bf22,Fungi,Basidiomycota,Agaricomycetes,Agaricales,Agaricaceae,Leucoagaricus,Leucoagaricus americanus,SPECIES,PH,"Pandacan, Manila.",,1933-07-29 0:00:00,2535848,2535839,PRESERVED_SPECIMEN,MICH,Fungi,,,J. M. Mendoza
1989079721,80c37311-6d02-49a1-8ec6-4008ec6072ca,Fungi,Basidiomycota,Agaricomycetes,Agaricales,Schizophyllaceae,Schizophyllum,Schizophyllum commune,SPECIES,PH,Luzon; Mount Makiling.,Laguna,1919-08-01 0:00:00,5241128,5241128,PRESERVED_SPECIMEN,MICH,Fungi,,,N. Catalan
1989079550,80a6d6dc-233a-41b0-8244-bf7e760c569e,Fungi,Basidiomycota,Agaricomycetes,Agaricales,Agaricaceae,Cyathus,Cyathus montagnei,SPECIES,PH,"Mt. Maquiling, Luzon",,1918-12-13 0:00:00,5243149,5243149,PRESERVED_SPECIMEN,MICH,Fungi,,,O. A. Reinking
1989031361,73e8205d-ecb4-4ee2-a3f5-237399e5a0ca,Fungi,Basidiomycota,Agaricomycetes,Agaricales,Amanitaceae,Amanita,Amanita franchetii,SPECIES,PH,"Baquis, Mount Province.",Luzon,1938-05-21 0:00:00,8201808,5240284,PRESERVED_SPECIMEN,MICH,Fungi,,,J. M. Mendoza
1989030774,73bfe226-8547-42c0-858b-7fdce0c4fcbe,Fungi,Basidiomycota,Agaricomycetes,Agaricales,Strophariaceae,Stropharia,,GENUS,PH,Manila,,1948-05-07 0:00:00,11159309,,PRESERVED_SPECIMEN,MICH,Fungi,,,R. S. Davis
1988974839,64b21986-b132-4533-8a45-74e12ce5759f,Fungi,Basidiomycota,Agaricomycetes,Agaricales,Physalacriaceae,Armillaria,Armillaria dactyliophora,SPECIES,PH,Mt. Maquiling,Luzon,1917-05-01 0:00:00,3364100,3341121,PRESERVED_SPECIMEN,MICH,Fungi,,,T. Collado
1988906323,527cb9b2-148d-4c7e-b5fa-19f162e12191,Fungi,Basidiomycota,Agaricomycetes,Agaricales,Amanitaceae,Amanita,Amanita velatipes,SPECIES,PH,"Baguio, Mountain Prov.",Cordillera,1937-04-01 0:00:00,5451757,5451757,PRESERVED_SPECIMEN,MICH,Fungi,,,E. Castillo
1988890547,4e30f02c-c094-4594-8409-9d6f740c55e7,Fungi,Basidiomycota,Agaricomycetes,Agaricales,Agaricaceae,Cyathus,Cyathus poeppigii,SPECIES,PH,"Manila, Luzon",,1947-10-01 0:00:00,5454216,5454216,PRESERVED_SPECIMEN,MICH,Fungi,,,R. S. Davis
1988875605,49f0b2a8-d939-4e8e-bb69-f35e0f116b06,Fungi,Basidiomycota,Agaricomycetes,Agaricales,Schizophyllaceae,Schizophyllum,Schizophyllum commune,SPECIES,PH,Luzon; Mount Makiling.,,1919-07-28 0:00:00,5241128,5241128,PRESERVED_SPECIMEN,MICH,Fungi,,,F. Gamboa
1988863133,46e6110e-7614-42ff-aacb-53f1ac96daf1,Fungi,Basidiomycota,Agaricomycetes,Agaricales,Agaricaceae,Lepiota,Lepiota cristata,SPECIES,PH,"Bureau of Science, Manila",,1934-05-25 0:00:00,2535471,2535471,PRESERVED_SPECIMEN,MICH,Fungi,,,P. S. Gener
1988822809,3c36620d-be7d-4fa7-ba3a-8b8d4ff22b32,Fungi,Basidiomycota,Agaricomycetes,Agaricales,Schizophyllaceae,Schizophyllum,,GENUS,PH,"Vicinity of Puerto Galera, Mindoro; Balatéras Mountain/ Lowland.",,1935-04-25 0:00:00,2529580,,PRESERVED_SPECIMEN,MICH,Fungi,,,J. V. Santos
1988773619,2f11e24c-288a-4054-8fe5-6b7f8933b97b,Fungi,Basidiomycota,Agaricomycetes,Agaricales,Amanitaceae,Amanita,Amanita cothurnata,SPECIES,PH,Luzon; Baguio,Mountain,1938-05-29 0:00:00,5452587,5452587,PRESERVED_SPECIMEN,MICH,Fungi,,,J. M. Mendoza
1988770599,2e713099-36bb-451b-8d13-8fe5fd050dd0,Fungi,Basidiomycota,Agaricomycetes,Agaricales,Amanitaceae,Amanita,Amanita vaginata,SPECIES,PH,"Baguio, Luzon",Mountain,1933-05-16 0:00:00,2526221,5240306,PRESERVED_SPECIMEN,MICH,Fungi,,,W. H. Brown
1988742160,26d4b084-e951-46f4-9b01-878a30202a83,Fungi,Basidiomycota,Agaricomycetes,Agaricales,Agaricaceae,Lepiota,Lepiota chlorospora,SPECIES,PH,Luzon; Lmaño Beach.,Bataan,1933-09-10 0:00:00,3340225,3340225,PRESERVED_SPECIMEN,MICH,Fungi,,,J. M. Mendoza
1988740744,2656f51e-9d06-4bec-9d16-d80e8a2eedb8,Fungi,Basidiomycota,Agaricomycetes,Agaricales,Amanitaceae,Amanita,Amanita muscaria,SPECIES,PH,"Baquis, Mount Province.",Luzon,1938-06-06 0:00:00,8168319,8168319,PRESERVED_SPECIMEN,MICH,Fungi,,,J. M. Mendoza
1988716580,1fdb1fa5-4516-4039-8e7d-5f2aeec809f2,Fungi,Basidiomycota,Agaricomycetes,Agaricales,Strophariaceae,Stropharia,,GENUS,PH,Manila,,1948-05-05 0:00:00,11159309,,PRESERVED_SPECIMEN,MICH,Fungi,,,R. S. Davis
1988641702,0bcd8dd1-51f5-450b-9db9-8e6ded67c221,Fungi,Basidiomycota,Agaricomycetes,Agaricales,Amanitaceae,Amanita,Amanita phalloides,SPECIES,PH,"Tayabas, Luzon; Mount Camates.",,1939-05-01 0:00:00,5240325,5240325,PRESERVED_SPECIMEN,MICH,Fungi,,,G. Edano
1933709538,597322a9-15d2-4377-93a2-456e2db60cc5,Fungi,Basidiomycota,Agaricomycetes,Agaricales,Hygrophoraceae,Dictyonema,Dictyonema irpicinum,SPECIES,PH,,,,2523834,5239429,PRESERVED_SPECIMEN,TNS,L,,,
1931327440,fbd816f8-448a-4b07-9183-72d66b639aa4,Fungi,Basidiomycota,Agaricomycetes,Agaricales,Agaricaceae,Cyathus,Cyathus limbatus,SPECIES,PH,"In vacinity of Sulu National Agricultural School, Tarawakin, Tawi Tawi, Sulu",,1966-05-14 0:00:00,5243144,5243144,PRESERVED_SPECIMEN,NY,NY,,,K. P. Dumont
1931302844,fa248560-bb67-4d7d-b6ff-7d3c1156fb72,Fungi,Basidiomycota,Agaricomycetes,Agaricales,Psathyrellaceae,Coprinellus,Coprinellus disseminatus,SPECIES,PH,Todaya.,Davao del Sur,1909-05-01 0:00:00,2534625,2534625,PRESERVED_SPECIMEN,NY,NY,,,A. D. E. Elmer
1931286526,f8f7f830-4dd6-47a1-ab41-c0fdc2d97ac2,Fungi,Basidiomycota,Agaricomycetes,Agaricales,Agaricaceae,Cyathus,Cyathus gracilis,SPECIES,PH,"Lamao River, Mt. Mariveles, Central Luzon",Bataan,1903-12-01 0:00:00,5454259,5454259,PRESERVED_SPECIMEN,NY,NY,,,R. S. Williams
1931284802,f8dc2357-680a-4754-8d31-76fe7dbfb875,Fungi,Basidiomycota,Agaricomycetes,Agaricales,Hymenogastraceae,Flammula,,GENUS,PH,Lamao,Bataan,1903-12-01 0:00:00,2524209,,PRESERVED_SPECIMEN,NY,NY,,,R. S. Williams
1931216580,f3f46e71-9869-4df3-81d2-2532a6ba45ca,Fungi,Basidiomycota,Agaricomycetes,Agaricales,Schizophyllaceae,Schizophyllum,Schizophyllum commune,SPECIES,PH,"Puerto Princesa (Mt. Pulgar), province of Palawan.",Palawan,1911-05-01 0:00:00,5241128,5241128,PRESERVED_SPECIMEN,NY,NY,W. B. Cooke,1958-04-04 0:00:00,Collector unspecified
1931194829,f2771053-c470-43af-a2a1-ad9d113736d8,Fungi,Basidiomycota,Agaricomycetes,Agaricales,Schizophyllaceae,Schizophyllum,Schizophyllum commune,SPECIES,PH,Luzon,Rizal,1906-01-01 0:00:00,5241128,5241128,PRESERVED_SPECIMEN,NY,NY,,,F. W. Foxworthy
1930937254,e02aaaa0-9f97-49a7-aeb5-1e461463e2b2,Fungi,Basidiomycota,Agaricomycetes,Agaricales,Schizophyllaceae,Schizophyllum,Schizophyllum commune,SPECIES,PH,"[Camigmin] Island, Babuyganes.",,1907-06-01 0:00:00,5241128,5241128,PRESERVED_SPECIMEN,NY,NY,,,E. FÃ©nix
1930798934,d669a2b2-e901-418e-8596-ccfa74969437,Fungi,Basidiomycota,Agaricomycetes,Agaricales,Omphalotaceae,Lentinula,Lentinula edodes,SPECIES,PH,,,,7748731,2537743,PRESERVED_SPECIMEN,NY,NY,,,
1930767780,d44606d3-8643-42e5-8f88-9b74c65f5d02,Fungi,Basidiomycota,Agaricomycetes,Agaricales,Schizophyllaceae,Schizophyllum,Schizophyllum commune,SPECIES,PH,Luzon. Manila.,,1912-04-10 0:00:00,5241128,5241128,PRESERVED_SPECIMEN,NY,NY,W. B. Cooke,1958-04-04 0:00:00,P. W. Graff
1930753777,d34dd7a9-94c8-4f28-a43b-9fee34da28fe,Fungi,Basidiomycota,Agaricomycetes,Agaricales,Schizophyllaceae,Schizophyllum,Schizophyllum commune,SPECIES,PH,Panay.,Iloilo,1912-12-27 0:00:00,5241128,5241128,PRESERVED_SPECIMEN,NY,NY,E. G. Graff,,C. B. Robinson
1930688680,ceaa2abb-4237-4a1c-97a8-7825f79f93ac,Fungi,Basidiomycota,Agaricomycetes,Agaricales,Omphalotaceae,Anthracophyllum,,GENUS,PH,Taytay,Palawan,1913-04-01 0:00:00,2537426,,PRESERVED_SPECIMEN,NY,NY,,,E. D. Merrill
1930672178,cd79ede4-fb71-4042-a917-5edc9e2bd990,Fungi,Basidiomycota,Agaricomycetes,Agaricales,Schizophyllaceae,Schizophyllum,Schizophyllum commune,SPECIES,PH,"Dumaguete, Negros",Negros Oriental,1908-04-01 0:00:00,5241128,5241128,PRESERVED_SPECIMEN,NY,NY,,,A. D. E. Elmer
1930255299,affd62cd-de8a-4a60-8101-453bf7a612ee,Fungi,Basidiomycota,Agaricomycetes,Agaricales,Strophariaceae,Hypholoma,Hypholoma fasciculare,SPECIES,PH,"Island of Mindanao, Todaya (Mt. Apo), District of Davao",,1909-09-01 0:00:00,3293632,3293632,PRESERVED_SPECIMEN,NY,NY,,,Collector unspecified
1930000000,9e172db7-9c4a-4da3-bf95-91e0b5e56075,Fungi,Basidiomycota,Agaricomycetes,Agaricales,Agaricaceae,Cyathus,Cyathus limbatus,SPECIES,PH,"In vacinity of Barrio Matikil, Sitio Nagaro, Negros",,1966-07-08 0:00:00,5243144,5243144,PRESERVED_SPECIMEN,NY,NY,,,K. P. Dumont
1929829887,92079b4f-d469-47bf-86ee-7a10e6289c3e,Fungi,Basidiomycota,Agaricomycetes,Agaricales,Bolbitiaceae,Panaeolus,Panaeolus solidipes,SPECIES,PH,Luzon. Province of Cagayan.,Cagayan,1900-05-01 0:00:00,3317017,3317017,PRESERVED_SPECIMEN,NY,NY,E. Gerhardt,1984-01-30 0:00:00,H. M. Curran
1929768241,8daa344a-eb23-4abd-8d84-51f5902b5f38,Fungi,Basidiomycota,Agaricomycetes,Agaricales,Agaricaceae,Cyathus,Cyathus montagnei,SPECIES,PH,"Along creek behind Baker Hall, College of Agriculture Campus, Los Banos, Luzon",,1966-05-22 0:00:00,5243149,5243149,PRESERVED_SPECIMEN,NY,NY,,,K. P. Dumont
1929670903,86bb48c8-2e65-4c63-aec8-a82c0badab72,Fungi,Basidiomycota,Agaricomycetes,Agaricales,Agaricaceae,Cyathus,Cyathus elmeri,SPECIES,PH,Palo,Leyte,1906-01-01 0:00:00,5454177,5454177,PRESERVED_SPECIMEN,NY,NY,,,A. D. E. Elmer
1929633836,8418fe7b-869e-403f-a4b8-b411afed5ea8,Fungi,Basidiomycota,Agaricomycetes,Agaricales,Bolbitiaceae,Panaeolus,Panaeolus rickenii,SPECIES,PH,Mindanao.,,1904-03-05 0:00:00,2526752,2526752,PRESERVED_SPECIMEN,NY,NY,E. Gerhardt,1984-07-02 0:00:00,E. B. Copeland
1929631849,83ec861a-da55-4fb2-b2e5-c678a8f36223,Fungi,Basidiomycota,Agaricomycetes,Agaricales,Agaricaceae,Cyathus,Cyathus montagnei,SPECIES,PH,"Mount Maquiling, near Los BaÃ±os",Laguna,1914-07-01 0:00:00,5243149,5243149,PRESERVED_SPECIMEN,NY,NY,,,Collector unspecified
1929493328,7a1aebe8-c88b-4f78-87a1-4e98318be392,Fungi,Basidiomycota,Agaricomycetes,Agaricales,Agaricaceae,Cyathus,Cyathus limbatus,SPECIES,PH,"3-4 km. South of the Sulu National Agricultural School, Tarawakin, Tawa Tawi, Sulu",,1966-05-15 0:00:00,5243144,5243144,PRESERVED_SPECIMEN,NY,NY,,,K. P. Dumont
1929341780,6f55dd36-acdd-4efb-8245-2ef14f4d18ab,Fungi,Basidiomycota,Agaricomycetes,Agaricales,Schizophyllaceae,Schizophyllum,Schizophyllum commune,SPECIES,PH,"Luzon. Bauang, Province of Union.",La Union,1904-02-01 0:00:00,5241128,5241128,PRESERVED_SPECIMEN,NY,NY,,,A. D. E. Elmer
1929218697,66a2584e-cc6a-4a78-afc8-8bceb743f12a,Fungi,Basidiomycota,Agaricomycetes,Agaricales,Agaricaceae,Cyathus,Cyathus pallidus,SPECIES,PH,"Mt. Santo Tomas, Baguio, Benguet, Northern Luzon",,1904-10-14 0:00:00,5243134,5243134,PRESERVED_SPECIMEN,NY,NY,,,R. S. Williams
1929181716,63fe672f-927d-408a-901a-905321d200f1,Fungi,Basidiomycota,Agaricomycetes,Agaricales,Omphalotaceae,Anthracophyllum,,GENUS,PH,Mt. Mariveles.,Bataan,1904-11-01 0:00:00,2537426,,PRESERVED_SPECIMEN,NY,NY,,,A. D. E. Elmer
1928726268,43b9223f-1bac-47ce-82c4-96b8080a8f96,Fungi,Basidiomycota,Agaricomycetes,Agaricales,Agaricaceae,Cyathus,Cyathus limbatus,SPECIES,PH,"Luzon. Makiling forest, College of Forestry Campus, Los Banos",,1966-05-20 0:00:00,5243144,5243144,PRESERVED_SPECIMEN,NY,NY,,,K. P. Dumont
1928712914,42d20275-0d2f-4e4f-9127-9ee08e7b1a4e,Fungi,Basidiomycota,Agaricomycetes,Agaricales,Mycenaceae,Favolaschia,Favolaschia manipularis,SPECIES,PH,"Dumaguete (Cuernos Mts.), Island of Negros",Negros Oriental,1908-06-01 0:00:00,3295969,3318917,PRESERVED_SPECIMEN,NY,NY,,,Collector unspecified
1928600812,3ae1c724-ee62-4c2b-aac9-63ad9c9ff795,Fungi,Basidiomycota,Agaricomycetes,Agaricales,Schizophyllaceae,Schizophyllum,Schizophyllum commune,SPECIES,PH,"Butuan, Mindanao.",Agusan del Norte,1911-03-01 0:00:00,5241128,5241128,PRESERVED_SPECIMEN,NY,NY,,,C. M. Weber
1928586479,39e06cce-dd78-42df-8171-e873a2af53f8,Fungi,Basidiomycota,Agaricomycetes,Agaricales,Schizophyllaceae,Schizophyllum,Schizophyllum commune,SPECIES,PH,Luzon. Bosoboso.,Rizal,1906-07-01 0:00:00,5241128,5241128,PRESERVED_SPECIMEN,NY,NY,,,M. Ramos
1928518338,34d8f684-a76c-4beb-a8c3-673c862d2db8,Fungi,Basidiomycota,Agaricomycetes,Agaricales,Schizophyllaceae,Schizophyllum,Schizophyllum commune,SPECIES,PH,"Luzon. Irosin (Mt. Bulusan), Province of Sorsogon.",Sorsogon,1916-08-01 0:00:00,5241128,5241128,PRESERVED_SPECIMEN,NY,NY,W. B. Cooke,1958-04-04 0:00:00,Collector unspecified
1928462985,3116f273-f704-4171-90dd-96cf0e058072,Fungi,Basidiomycota,Agaricomycetes,Agaricales,Mycenaceae,Favolaschia,Favolaschia manipularis,SPECIES,PH,"Lamao River, Mt. Mariveles, Central Luzon [Luzon island]",Bataan,1903-12-01 0:00:00,3295969,3318917,PRESERVED_SPECIMEN,NY,NY,,,R. S. Williams
1928417728,2dd2cd2b-a110-4532-9380-9c3fffc54937,Fungi,Basidiomycota,Agaricomycetes,Agaricales,Agaricaceae,Cyathus,Cyathus montagnei,SPECIES,PH,"Along road running from Forestry Campus to Mud Springs, Mt. Makiling, Los Banos, Luzon",,1966-05-27 0:00:00,5243149,5243149,PRESERVED_SPECIMEN,NY,NY,,,K. P. Dumont
1928263687,22fcb3a8-354c-4b71-a627-22ae3c6eceeb,Fungi,Basidiomycota,Agaricomycetes,Agaricales,Agaricaceae,Lycoperdon,Lycoperdon perlatum,SUBSPECIES,PH,"South of the campus of Sulu National Agricultural School, Tarawakin, Tawi Tawi.",Sulu,1966-10-16 0:00:00,11318670,5243258,PRESERVED_SPECIMEN,NY,NY,P. Ponce de LeÃ³n y Carrillo,,K. P. Dumont
1928237510,210e7200-3ece-437f-b79c-ebb2900ba22b,Fungi,Basidiomycota,Agaricomycetes,Agaricales,Omphalotaceae,Anthracophyllum,,GENUS,PH,Taytay,Palawan,1913-05-01 0:00:00,2537426,,PRESERVED_SPECIMEN,NY,NY,,,E. D. Merrill
1928198686,1e5591b3-d6ed-4652-99e3-d66398eb4854,Fungi,Basidiomycota,Agaricomycetes,Agaricales,Agaricaceae,Lycoperdon,Lycoperdon dermoxanthum,SPECIES,PH,Luzon. Manila,,1947-05-01 0:00:00,2536152,5243267,PRESERVED_SPECIMEN,NY,NY,,,R. S. Davis
1928161496,1bfe8c63-b028-46e1-8346-412bafdfb773,Fungi,Basidiomycota,Agaricomycetes,Agaricales,Agaricaceae,Cyathus,Cyathus elmeri,SPECIES,PH,Palo,Leyte,1906-01-01 0:00:00,5454177,5454177,PRESERVED_SPECIMEN,NY,NY,,,A. D. E. Elmer
1928031789,12b65f2b-177b-4894-a6e8-73f5da52102a,Fungi,Basidiomycota,Agaricomycetes,Agaricales,Agaricaceae,Tulostoma,Tulostoma exasperatum,SPECIES,PH,"Lamao, Luzon",Bataan,1904-08-09 0:00:00,6014709,6014709,PRESERVED_SPECIMEN,NY,NY,,,E. B. Copeland
1928016676,11a671fa-16e8-4f58-aed0-2bf67b60fdf8,Fungi,Basidiomycota,Agaricomycetes,Agaricales,Schizophyllaceae,Schizophyllum,Schizophyllum commune,SPECIES,PH,"Iloilo, Panay.",,1904-01-02 0:00:00,5241128,5241128,PRESERVED_SPECIMEN,NY,NY,,,E. B. Copeland
1927975713,0ebe481e-8414-4f67-8c25-a9f120ae1f7a,Fungi,Basidiomycota,Agaricomycetes,Agaricales,Agaricaceae,Tulostoma,Tulostoma exasperatum,SPECIES,PH,[No further locality information specified],,,6014709,6014709,PRESERVED_SPECIMEN,NY,NY,,,Collector unspecified
1927940197,0c2de91e-cbdb-4abb-b6db-47d34b963ca9,Fungi,Basidiomycota,Agaricomycetes,Agaricales,Marasmiaceae,Marasmius,Marasmius hudsonii,SPECIES,PH,"Todaya (Mt. Apo), District of Davao, island of Mindanao",,1909-05-01 0:00:00,2537333,9215709,PRESERVED_SPECIMEN,NY,NY,,,A. D. E. Elmer
1927919705,0ac2be98-de66-40ef-924e-d637f75d01f7,Fungi,Basidiomycota,Agaricomycetes,Agaricales,Mycenaceae,Panellus,Panellus pusillus,VARIETY,PH,Palo [municipality],Leyte,1908-01-06 0:00:00,2527617,2527610,PRESERVED_SPECIMEN,NY,NY,,,Collector unspecified
1927870608,0744cdf2-165e-4ebc-a635-e38b9157fedf,Fungi,Basidiomycota,Agaricomycetes,Agaricales,Agaricaceae,Cyathus,Cyathus olla,SPECIES,PH,Mindanao. Santa Cruz,,1905-06-01 0:00:00,5243125,5243125,PRESERVED_SPECIMEN,NY,NY,,,R. S. Williams
1927808740,02b5ad20-4656-4ee1-b41a-87ced8af1efb,Fungi,Basidiomycota,Agaricomycetes,Agaricales,Agaricaceae,Cyathus,Cyathus elmeri,SPECIES,PH,Taytay,Palawan,1913-05-01 0:00:00,5454177,5454177,PRESERVED_SPECIMEN,NY,NY,,,E. D. Merrill
1927784409,01270eec-4e89-4aca-b689-a0dc3fcac58e,Fungi,Basidiomycota,Agaricomycetes,Agaricales,Schizophyllaceae,Schizophyllum,Schizophyllum commune,SPECIES,PH,"Mindanao. Banga, [Illegible precise loc.]",,1907-11-01 0:00:00,5241128,5241128,PRESERVED_SPECIMEN,NY,NY,E. G. Graff,,H. N. Whitford
1890038639,https://www.inaturalist.org/observations/14566774,Fungi,Basidiomycota,Agaricomycetes,Agaricales,Psathyrellaceae,Coprinellus,Coprinellus micaceus,SPECIES,PH,,Isabela,2018-07-20 21:26:40,2534578,2534578,HUMAN_OBSERVATION,iNaturalist,Observations,Brett Jackson,2018-07-22 16:08:13,Tim Woodward
1840699641,http://www.botanicalcollections.be/specimen/BR5020134684483,Fungi,Basidiomycota,Agaricomycetes,Agaricales,Schizophyllaceae,Schizophyllum,Schizophyllum commune,SPECIES,PH,,,1911-09-29 0:00:00,5241128,5241128,PRESERVED_SPECIMEN,BR,,,,Unknown Collection
1840645814,http://www.botanicalcollections.be/specimen/BR5020079897665,Fungi,Basidiomycota,Agaricomycetes,Agaricales,Schizophyllaceae,Schizophyllum,Schizophyllum commune,VARIETY,PH,,,1912-10-04 0:00:00,5241132,5241128,PRESERVED_SPECIMEN,BR,,,,Graff P.W.
1840644922,http://www.botanicalcollections.be/specimen/BR5020079091360,Fungi,Basidiomycota,Agaricomycetes,Agaricales,Marasmiaceae,Marasmius,,GENUS,PH,,,1978-05-25 0:00:00,2526678,,PRESERVED_SPECIMEN,BR,,,,Wenzel
1840635848,http://www.botanicalcollections.be/specimen/BR5020069500483,Fungi,Basidiomycota,Agaricomycetes,Agaricales,Agaricaceae,Agaricus,,GENUS,PH,"Baguio, Island of Luzon; Mt. Santa Tomas",,1987-02-01 0:00:00,2522460,,PRESERVED_SPECIMEN,BR,,,,Aptroot A.
1840631809,http://www.botanicalcollections.be/specimen/BR5020065370899,Fungi,Basidiomycota,Agaricomycetes,Agaricales,Agaricaceae,Agaricus,,GENUS,PH,"Lake Sebu, Tasaday Manobo Forest Reserve, arount Mt. Tasaday",,1994-01-01 0:00:00,2522460,,PRESERVED_SPECIMEN,BR,,,,Lays P.
1803051268,BRA:IBT:SP-FUNGI:98347,Fungi,Basidiomycota,Agaricomycetes,Agaricales,Mycenaceae,Favolaschia,,GENUS,PH,Mt. Maquiling,,1919-10-01 0:00:00,7243542,,PRESERVED_SPECIMEN,IBt,SP-FUNGI,"Patouillard, NT",,"Reyes, R"
1803051236,BRA:IBT:SP-FUNGI:98248,Fungi,Basidiomycota,Agaricomycetes,Agaricales,Marasmiaceae,Laschia,,GENUS,PH,,,1965-03-01 0:00:00,10907497,,PRESERVED_SPECIMEN,IBt,SP-FUNGI,,,"Reynolds, DR"
1803051223,BRA:IBT:SP-FUNGI:98251,Fungi,Basidiomycota,Agaricomycetes,Agaricales,Marasmiaceae,Laschia,,GENUS,PH,Mount Maquiling,,1920-10-01 0:00:00,10907497,,PRESERVED_SPECIMEN,IBt,SP-FUNGI,"Fidalgo, O",1966-01-01 0:00:00,Reinking
1803051203,BRA:IBT:SP-FUNGI:98250,Fungi,Basidiomycota,Agaricomycetes,Agaricales,Marasmiaceae,Laschia,,GENUS,PH,,,1965-05-24 0:00:00,10907497,,PRESERVED_SPECIMEN,IBt,SP-FUNGI,,,"Reynolds, DR"
1803051194,BRA:IBT:SP-FUNGI:98252,Fungi,Basidiomycota,Agaricomycetes,Agaricales,Marasmiaceae,Laschia,,GENUS,PH,Mount Maquiling,,1920-09-01 0:00:00,10907497,,PRESERVED_SPECIMEN,IBt,SP-FUNGI,"Lloyd, CG",,"Collado, E"
1803051151,BRA:IBT:SP-FUNGI:98249,Fungi,Basidiomycota,Agaricomycetes,Agaricales,Marasmiaceae,Laschia,,GENUS,PH,,,1965-04-01 0:00:00,10907497,,PRESERVED_SPECIMEN,IBt,SP-FUNGI,,,"Reynolds, DR"
1803051104,BRA:IBT:SP-FUNGI:98152,Fungi,Basidiomycota,Agaricomycetes,Agaricales,Marasmiaceae,Campanella,Campanella junghuhnii,SPECIES,PH,,,,5243788,5243785,PRESERVED_SPECIMEN,IBt,SP-FUNGI,"Lloyd, CG",1911-01-01 0:00:00,"Ramos, M; Edaño, G"
1703146167,https://www.inaturalist.org/observations/8719378,Fungi,Basidiomycota,Agaricomycetes,Agaricales,Schizophyllaceae,Schizophyllum,Schizophyllum commune,SPECIES,PH,,Palawan,2017-11-02 14:27:45,5241128,5241128,HUMAN_OBSERVATION,iNaturalist,Observations,phroxian,2017-11-07 13:15:33,paulengler
1668794178,http://www.inaturalist.org/observations/4302316,Fungi,Basidiomycota,Agaricomycetes,Agaricales,Schizophyllaceae,Schizophyllum,Schizophyllum commune,SPECIES,PH,,Benguet,2016-10-08 10:01:38,5241128,5241128,HUMAN_OBSERVATION,iNaturalist,Observations,gremel,2017-09-20 6:45:00,paulengler
1503039619,91e085fa-3e42-4bab-9a34-7f0df2df3709,Fungi,Basidiomycota,Agaricomycetes,Agaricales,Hygrophoraceae,Dictyonema,Dictyonema irpicinum,SUBSPECIES,PH,Mt. Halcon,,1906-11-01 0:00:00,9419912,5239429,PRESERVED_SPECIMEN,F,Botany,,,E. D. Merrill
1503039503,ca87ecd0-f49d-4d52-893f-b20dac5d2655,Fungi,Basidiomycota,Agaricomycetes,Agaricales,Hygrophoraceae,Dictyonema,Dictyonema guadalupense,SPECIES,PH,"Lubuagan, Mt. Masingit",Kalinga,,5446261,5446261,PRESERVED_SPECIMEN,F,Botany,,,M. Ramos & G. E. Edaño
1503039346,8561895a-d472-487b-a1cb-0e02e9a7f9b9,Fungi,Basidiomycota,Agaricomycetes,Agaricales,Hygrophoraceae,Dictyonema,Dictyonema guadalupense,SPECIES,PH,camaguin de Mindanao,,1912-03-01 0:00:00,5446261,5446261,PRESERVED_SPECIMEN,F,Botany,,,M. Ramos
1503039343,01ba0534-44cf-4aee-a962-be9c1238c576,Fungi,Basidiomycota,Agaricomycetes,Agaricales,Hygrophoraceae,Dictyonema,Dictyonema irpicinum,SPECIES,PH,,Zambales,1907-11-01 0:00:00,5239429,5239429,PRESERVED_SPECIMEN,F,Botany,,,H. M. Curran & M. L. Merritt
1503039225,3f159474-dcc8-45d7-8209-5cb42b01de9a,Fungi,Basidiomycota,Agaricomycetes,Agaricales,Hygrophoraceae,Dictyonema,Dictyonema irpicinum,SPECIES,PH,Pauai,Benguet,1909-06-01 0:00:00,5239429,5239429,PRESERVED_SPECIMEN,F,Botany,,,R. C. McGregor
1503039024,5c797ec7-69bb-4115-bdad-d26b0b6e6d1e,Fungi,Basidiomycota,Agaricomycetes,Agaricales,Hygrophoraceae,Dictyonema,Dictyonema membranaceum,SPECIES,PH,,Agusan del Norte,1911-03-01 0:00:00,7240325,7240325,PRESERVED_SPECIMEN,F,Botany,,,C. M. Weber
1503038880,427791fc-8d05-40f3-aedd-4f8ccba5ca5a,Fungi,Basidiomycota,Agaricomycetes,Agaricales,Hygrophoraceae,Dictyonema,Dictyonema irpicinum,SPECIES,PH,Mt. Candoon,Bukidnon,1920-06-01 0:00:00,5239429,5239429,PRESERVED_SPECIMEN,F,Botany,,,M. Ramos & G. E. Edaño
1503038492,d1d5334b-1963-4430-8845-0da97cbf95f8,Fungi,Basidiomycota,Agaricomycetes,Agaricales,Hygrophoraceae,Dictyonema,Dictyonema irpicinum,SPECIES,PH,Mt. Banajao,Laguna,,5239429,5239429,PRESERVED_SPECIMEN,F,Botany,,,E. D. Merrill
1503038101,56a863f7-84de-438a-b5fa-c9a715d1c247,Fungi,Basidiomycota,Agaricomycetes,Agaricales,Hygrophoraceae,Dictyonema,Dictyonema irpicinum,SPECIES,PH,Mt. Pulog,Benguet,1909-07-01 0:00:00,5239429,5239429,PRESERVED_SPECIMEN,F,Botany,,,R. C. McGregor
1503037426,e57e7614-4b29-41d4-9ef6-afc93c06e2e8,Fungi,Basidiomycota,Agaricomycetes,Agaricales,Hygrophoraceae,Dictyonema,Dictyonema thelephora,SPECIES,PH,Baguio and vicinity,Benguet,,5239440,5239438,PRESERVED_SPECIMEN,F,Botany,,,C. B. Robinson
1503037417,0057f911-f78f-48f4-8275-3bc04723ae6b,Fungi,Basidiomycota,Agaricomycetes,Agaricales,Hygrophoraceae,Dictyonema,Dictyonema guadalupense,SPECIES,PH,,Agusan del Norte,1911-03-01 0:00:00,5446261,5446261,PRESERVED_SPECIMEN,F,Botany,,,C. M. Weber
1503037407,938ee205-4cc8-4be8-b780-efab257f866f,Fungi,Basidiomycota,Agaricomycetes,Agaricales,Hygrophoraceae,Dictyonema,Dictyonema irpicinum,SUBSPECIES,PH,,Agusan del Norte,1911-03-01 0:00:00,9419912,5239429,PRESERVED_SPECIMEN,F,Botany,,,C. M. Weber
1503037079,ec502b30-2081-47d8-a5e5-9aa2170b0417,Fungi,Basidiomycota,Agaricomycetes,Agaricales,Hygrophoraceae,Dictyonema,Dictyonema irpicinum,SPECIES,PH,camp on Apo,Davao del Sur,1904-04-21 0:00:00,5239429,5239429,PRESERVED_SPECIMEN,F,Botany,,,E. B. Copeland
1503036968,b9a553c6-bd46-478f-b684-6c92b51a7670,Fungi,Basidiomycota,Agaricomycetes,Agaricales,Hygrophoraceae,Dictyonema,Dictyonema irpicinum,SPECIES,PH,,Zambales,1907-11-01 0:00:00,5239429,5239429,PRESERVED_SPECIMEN,F,Botany,,,H. M. Curran & M. L. Merritt
1503035954,f782fe7f-eebc-467e-9aa9-4a7e6d277ab6,Fungi,Basidiomycota,Agaricomycetes,Agaricales,Hygrophoraceae,Dictyonema,Dictyonema guadalupense,SPECIES,PH,,Bataan,1909-11-01 0:00:00,5446261,5446261,PRESERVED_SPECIMEN,F,Botany,,,H. M. Curran
1503035913,5674a7eb-1b06-48e5-864a-febbf7064edc,Fungi,Basidiomycota,Agaricomycetes,Agaricales,Hygrophoraceae,Dictyonema,Dictyonema guadalupense,SPECIES,PH,,Cagayan,,5446261,5446261,PRESERVED_SPECIMEN,F,Botany,,,H. M. Curran
1322746500,http://n2t.net/ark:/65665/3f5443e66-b123-48f6-98a0-14f2999c2514,Fungi,Basidiomycota,Agaricomycetes,Agaricales,Hygrophoraceae,Dictyonema,Dictyonema irpicinum,SPECIES,PH,"Benguet Prov., Pauai.",Luzon,,5239429,5239429,PRESERVED_SPECIMEN,US,US,,,R. C. McGregor
1322694377,http://n2t.net/ark:/65665/3f2f33aae-d300-4467-b45c-970513811a14,Fungi,Basidiomycota,Agaricomycetes,Agaricales,Hygrophoraceae,Cora,Cora glabrata,SPECIES,PH,"ILCO logging area about 50 mi S of Fabrica, near Mt. Mandalagan.",Negros,,5239376,5239365,PRESERVED_SPECIMEN,US,US,,,M. E. Hale
1322566045,http://n2t.net/ark:/65665/3ed4367ef-a4e2-45d9-a12f-c61b49f23642,Fungi,Basidiomycota,Agaricomycetes,Agaricales,Hygrophoraceae,Dictyonema,Dictyonema thelephora,SPECIES,PH,Butuan.,Mindanao,,5239438,5239438,PRESERVED_SPECIMEN,US,US,,,C. M. Weber
1322298359,http://n2t.net/ark:/65665/3e16fc5ad-070b-423c-acb7-0aa04f10d6ed,Fungi,Basidiomycota,Agaricomycetes,Agaricales,Hygrophoraceae,Dictyonema,Dictyonema thelephora,SPECIES,PH,,Leyte,1913-09-08 0:00:00,5239438,5239438,PRESERVED_SPECIMEN,US,US,,,C. Wenzel
1321734835,http://n2t.net/ark:/65665/3c875409d-d6b1-4c17-b8a0-c850e3d425e6,Fungi,Basidiomycota,Agaricomycetes,Agaricales,Hygrophoraceae,Dictyonema,Dictyonema thelephora,SPECIES,PH,"Mt Masingit, Lubuagan, Luzon.",Kalinga,,5239438,5239438,PRESERVED_SPECIMEN,US,US,,,M. Ramos & G. Edaño
1321527904,http://n2t.net/ark:/65665/3bf463e13-0c01-469e-a9b5-f88d1df756e9,Fungi,Basidiomycota,Agaricomycetes,Agaricales,Hygrophoraceae,Dictyonema,Dictyonema irpicinum,SPECIES,PH,Camp on Apo.,,1904-04-21 0:00:00,5239429,5239429,PRESERVED_SPECIMEN,US,US,,,E. B. Copeland
1321418428,http://n2t.net/ark:/65665/3ba730693-c6bd-4225-8301-8f8c5a8ce6c0,Fungi,Basidiomycota,Agaricomycetes,Agaricales,Hygrophoraceae,Dictyonema,Dictyonema thelephora,SPECIES,PH,Luzon.,Benguet,,5239438,5239438,PRESERVED_SPECIMEN,US,US,,,A. D. E. Elmer
1320746748,http://n2t.net/ark:/65665/39cc8842b-433d-4b4c-ab9b-ee1d39d178cf,Fungi,Basidiomycota,Agaricomycetes,Agaricales,Hygrophoraceae,Dictyonema,Dictyonema irpicinum,SPECIES,PH,"Laguna Prov., Mt. Banajao.",Luzon,,5239429,5239429,PRESERVED_SPECIMEN,US,US,,,E. D. Merrill
1320490498,http://n2t.net/ark:/65665/39170ac79-c603-4eaf-af56-5309f4542e3f,Fungi,Basidiomycota,Agaricomycetes,Agaricales,Hygrophoraceae,Dictyonema,Dictyonema thelephora,SPECIES,PH,Luzon.,Cagayan,,5239438,5239438,PRESERVED_SPECIMEN,US,US,,,H. M. Curran
1319266543,http://n2t.net/ark:/65665/35b4f83e7-f36a-4dc5-a299-2153df87f0ee,Fungi,Basidiomycota,Agaricomycetes,Agaricales,Hygrophoraceae,Dictyonema,Dictyonema thelephora,SPECIES,PH,Luzon.,Bataan,,5239438,5239438,PRESERVED_SPECIMEN,US,US,,,H. M. Curran
1318970706,http://n2t.net/ark:/65665/34e35de74-1de7-447b-a56f-afddc0efd4ed,Fungi,Basidiomycota,Agaricomycetes,Agaricales,Hygrophoraceae,Dictyonema,Dictyonema irpicinum,SPECIES,PH,Butuan,Agusan del Norte,,5239429,5239429,PRESERVED_SPECIMEN,US,US,,,C. M. Weber
1318723202,http://n2t.net/ark:/65665/343405487-1546-48e1-a66b-c372f28e77a9,Fungi,Basidiomycota,Agaricomycetes,Agaricales,Hygrophoraceae,Dictyonema,Dictyonema thelephora,SPECIES,PH,Luzon.,Bataan,,5239438,5239438,PRESERVED_SPECIMEN,US,US,,,H. M. Curran
1318588408,http://n2t.net/ark:/65665/33d4c250f-484c-4510-86dd-6034f163e381,Fungi,Basidiomycota,Agaricomycetes,Agaricales,Hygrophoraceae,Dictyonema,Dictyonema thelephora,SPECIES,PH,Camaguin.,Mindanao,,5239438,5239438,PRESERVED_SPECIMEN,US,US,,,M. Ramos
1317643812,http://n2t.net/ark:/65665/31383b71c-3948-4d53-a0c8-34b0346e7505,Fungi,Basidiomycota,Agaricomycetes,Agaricales,Hygrophoraceae,Dictyonema,Dictyonema irpicinum,SPECIES,PH,Benguet Prov.,Luzon,,5239429,5239429,PRESERVED_SPECIMEN,US,US,,,M. Ramon
1269743887,11a4b2c1-eb52-4d7b-af90-cd97beae1690,Fungi,Basidiomycota,Agaricomycetes,Agaricales,Typhulaceae,Typhula,,GENUS,PH,"along creek in Forestry Campus, Mt. Makiling, Los Banos.",Luzon,1966-08-15 0:00:00,2513010,,PRESERVED_SPECIMEN,LSUM,Fungi,,,Kent P. Dumont
1212939754,CBS 249.69,Fungi,Basidiomycota,Agaricomycetes,Agaricales,Schizophyllaceae,Schizophyllum,Schizophyllum commune,SPECIES,PH,Univ. of the Philippines,,,5241128,5241128,LIVING_SPECIMEN,CBS,Fungi,,,22 Nov 1963
1212092793,,Fungi,Basidiomycota,Agaricomycetes,Agaricales,Hygrophoraceae,Dictyonema,Dictyonema thelephora,SPECIES,PH,"THE PHILIPPINES, Luzon island, prov. Laguna. Mt. Makiling, area of UPLB University. Mud Spring trail in the Rainforest Park. Alt. 300 m.",,1987-02-17 0:00:00,5239440,5239438,PRESERVED_SPECIMEN,B,Lichen Herbarium Berlin,H. Sipman,,H. Sipman
1212092486,,Fungi,Basidiomycota,Agaricomycetes,Agaricales,Hygrophoraceae,Dictyonema,Dictyonema irpicinum,SPECIES,PH,"THE PHILIPPINES, Luzon island, prov.Benguet. Mount Santo Tomas, S of Baguio. Along road from telecommunication station to Baguio. Alt. 2100 m.",,1987-02-19 0:00:00,5239429,5239429,PRESERVED_SPECIMEN,B,Lichen Herbarium Berlin,H. Sipman,,H. Sipman
1144858586,f9eef785-c330-4caf-8710-85d1a113a4f3,Fungi,Basidiomycota,Agaricomycetes,Agaricales,Agaricaceae,Cyathus,Cyathus elmeri,SPECIES,PH,Palo,Leyte,1906-01-01 0:00:00,5454177,5454177,PRESERVED_SPECIMEN,F,Botany,,,A. D. E. Elmer
1144856436,f06efb77-b2af-4a5c-b35c-4d2ed94d9a6a,Fungi,Basidiomycota,Agaricomycetes,Agaricales,Agaricaceae,Coprinus,,GENUS,PH,Dumaguete,Negros Oriental,1908-06-01 0:00:00,2526779,,PRESERVED_SPECIMEN,F,Botany,,,A. D. E. Elmer
1144855875,eddb69ef-cd44-4184-a2c5-48c0439cd2a7,Fungi,Basidiomycota,Agaricomycetes,Agaricales,Hydnangiaceae,Laccaria,Laccaria laccata,SPECIES,PH,,Bataan,1904-11-01 0:00:00,2530926,2530926,PRESERVED_SPECIMEN,F,Botany,,,A. D. E. Elmer
1144851801,dafddbbf-c083-4ba9-8cfb-f6cd3f128b25,Fungi,Basidiomycota,Agaricomycetes,Agaricales,Agaricaceae,Morganella,,GENUS,PH,,Sorsogon,1916-09-01 0:00:00,2535116,,PRESERVED_SPECIMEN,F,Botany,,,A. D. E. Elmer
1144847165,c619d8eb-4594-4ab8-819d-fe0b7e0b7bf5,Fungi,Basidiomycota,Agaricomycetes,Agaricales,Clavariaceae,Clavaria,,GENUS,PH,Irosin,Sorsogon,,2512826,,PRESERVED_SPECIMEN,F,Botany,,,A. D. E. Elmer
1144841431,aba990cd-7129-4516-be62-764c3c3125c7,Fungi,Basidiomycota,Agaricomycetes,Agaricales,Marasmiaceae,Marasmius,Marasmius hudsonii,SPECIES,PH,,Davao,1909-05-01 0:00:00,2537333,9215709,PRESERVED_SPECIMEN,F,Botany,,,A. D. E. Elmer
1144839953,a5492cda-53ec-4c77-9c02-090802d60dd6,Fungi,Basidiomycota,Agaricomycetes,Agaricales,Agaricaceae,Cyathus,Cyathus poeppigii,SPECIES,PH,,Sorsogon,1915-10-01 0:00:00,5454216,5454216,PRESERVED_SPECIMEN,F,Botany,,,A. D. E. Elmer
1144834556,8c281eeb-20e3-4cd7-9eff-012f16822c8d,Fungi,Basidiomycota,Agaricomycetes,Agaricales,Agaricaceae,Morganella,,GENUS,PH,,,1966-10-14 0:00:00,2535116,,PRESERVED_SPECIMEN,F,Botany,,,K. P. Dumont & J. V. Pancho
1144833391,86e90d82-073f-42f6-b4dc-cb4dc0fe4f9d,Fungi,Basidiomycota,Agaricomycetes,Agaricales,Hymenogastraceae,Naucoria,,GENUS,PH,,Agusan,1912-08-01 0:00:00,2524120,,PRESERVED_SPECIMEN,F,Botany,,,A. D. E. Elmer
1144832508,8292d427-2691-40ba-b6b6-a82fe2344bbb,Fungi,Basidiomycota,Agaricomycetes,Agaricales,Marasmiaceae,Crinipellis,Crinipellis carecomoeis,SPECIES,PH,Irosin,Sorsogon,1916-06-01 0:00:00,6014443,6014443,PRESERVED_SPECIMEN,F,Botany,R. Singer,,R. Singer
1144822818,5598fdae-b3cc-4258-8d9a-cdade982cdb6,Fungi,Basidiomycota,Agaricomycetes,Agaricales,Mycenaceae,Filoboletus,,GENUS,PH,Dumaguete,Negros Oriental,1908-06-01 0:00:00,2527433,,PRESERVED_SPECIMEN,F,Botany,,,A. D. E. Elmer
1144820637,4b8a38f6-b526-4c1d-8938-46cee8bc9888,Fungi,Basidiomycota,Agaricomycetes,Agaricales,Clavariaceae,Clavaria,,GENUS,PH,Irosin,Sorsogon,,2512826,,PRESERVED_SPECIMEN,F,Botany,,,A. D. E. Elmer
1144816736,38c9a052-29ce-4c7c-a953-b134ccadecda,Fungi,Basidiomycota,Agaricomycetes,Agaricales,Strophariaceae,Pholiota,,GENUS,PH,,Agusan,1912-08-01 0:00:00,2528397,,PRESERVED_SPECIMEN,F,Botany,,,A. D. E. Elmer
1144816495,37db2e93-f5ab-4f0d-bafe-e38957490cc9,Fungi,Basidiomycota,Agaricomycetes,Agaricales,Marasmiaceae,Marasmius,,GENUS,PH,,Sorsogon,1916-09-01 0:00:00,2526678,,PRESERVED_SPECIMEN,F,Botany,,,A. D. E. Elmer
1144815346,322937bc-21d4-4b42-8c81-3383a6f94195,Fungi,Basidiomycota,Agaricomycetes,Agaricales,Pleurotaceae,Pleurotus,,GENUS,PH,,Agusan,1912-08-01 0:00:00,2518610,,PRESERVED_SPECIMEN,F,Botany,,,A. D. E. Elmer
1144813026,27637c34-652c-4167-af6f-11e06663dc18,Fungi,Basidiomycota,Agaricomycetes,Agaricales,Strophariaceae,Hypholoma,Hypholoma fasciculare,SPECIES,PH,,Davao,1909-09-01 0:00:00,3293632,3293632,PRESERVED_SPECIMEN,F,Botany,,,A. D. E. Elmer
1144808845,134d19d4-fadc-46f9-ae0d-061b130437fb,Fungi,Basidiomycota,Agaricomycetes,Agaricales,Psathyrellaceae,Coprinellus,Coprinellus disseminatus,SPECIES,PH,,Davao,1909-05-01 0:00:00,2534629,2534625,PRESERVED_SPECIMEN,F,Botany,,,A. D. E. Elmer
1144790481,,Fungi,Basidiomycota,Agaricomycetes,Agaricales,Agaricaceae,Tulostoma,,GENUS,PH,Philippines - Philippines,,,2536197,,PRESERVED_SPECIMEN,G,Geneva Herbarium – General Collection (G),,,"Cuming, H."
1135748458,5585C244-3546-4B26-8221-81B3FF10BA95,Fungi,Basidiomycota,Agaricomycetes,Agaricales,Schizophyllaceae,Schizophyllum,Schizophyllum commune,SPECIES,PH,,,2011-12-04 0:00:00,5241128,5241128,PRESERVED_SPECIMEN,PDD,PDD,J.A. Cooper,2011-12-25 0:00:00,"Cooper, JA;"
1090337554,d17805e1-af09-4256-bd55-cb8151494a0f,Fungi,Basidiomycota,Agaricomycetes,Agaricales,Amanitaceae,,,FAMILY,PH,Coron,Palawan,1992-04-22 0:00:00,4171,,PRESERVED_SPECIMEN,BPBM,BISH,,,"Madulid, D.A. et al."
1086526762,S:S-Fungi:F254305,Fungi,Basidiomycota,Agaricomycetes,Agaricales,Agaricaceae,Coprinus,Coprinus confertus,SPECIES,PH,Manila,,1909-06-01 0:00:00,3332129,3332129,PRESERVED_SPECIMEN,S,S-Fungi,,,E. B. Copeland
1086520218,S:S-Fungi:F249164,Fungi,Basidiomycota,Agaricomycetes,Agaricales,Marasmiaceae,Campanella,Campanella agaricina,SPECIES,PH,Lueban,,1907-05-01 0:00:00,5449458,5449458,PRESERVED_SPECIMEN,S,S-Fungi,,,Elmer
1086520212,S:S-Fungi:F249162,Fungi,Basidiomycota,Agaricomycetes,Agaricales,Marasmiaceae,Campanella,Campanella agaricina,SPECIES,PH,"Philippinen, Lueban",,1907-05-01 0:00:00,5449458,5449458,PRESERVED_SPECIMEN,S,S-Fungi,,,A. D. E. Elmer
1086520167,S:S-Fungi:F249163,Fungi,Basidiomycota,Agaricomycetes,Agaricales,Marasmiaceae,Campanella,Campanella agaricina,SPECIES,PH,Lueban,,1907-01-01 0:00:00,5449458,5449458,PRESERVED_SPECIMEN,S,S-Fungi,,,Elmer
1086519788,S:S-Fungi:F248718,Fungi,Basidiomycota,Agaricomycetes,Agaricales,Omphalotaceae,Anthracophyllum,Anthracophyllum nigritum,SPECIES,PH,"Luzon, Bataan",,1909-11-01 0:00:00,2537442,2537442,PRESERVED_SPECIMEN,S,S-Fungi,,,H. M. Curran
1086519786,S:S-Fungi:F248719,Fungi,Basidiomycota,Agaricomycetes,Agaricales,Omphalotaceae,Anthracophyllum,Anthracophyllum nigritum,SPECIES,PH,Luzon,,1903-01-01 0:00:00,2537442,2537442,PRESERVED_SPECIMEN,S,S-Fungi,,,Merrill
1086519763,S:S-Fungi:F248720,Fungi,Basidiomycota,Agaricomycetes,Agaricales,Omphalotaceae,Anthracophyllum,Anthracophyllum nigritum,SPECIES,PH,"Philippines, Palawan, Taytay",,1913-04-01 0:00:00,2537442,2537442,PRESERVED_SPECIMEN,S,S-Fungi,,,E. D. Merrill
1086519760,S:S-Fungi:F248717,Fungi,Basidiomycota,Agaricomycetes,Agaricales,Omphalotaceae,Anthracophyllum,Anthracophyllum nigritum,SPECIES,PH,"Luzon, Cabanatuan, Nueva Ecÿa",,1908-09-01 0:00:00,2537442,2537442,PRESERVED_SPECIMEN,S,S-Fungi,,,R. C. McGregor
1086519749,S:S-Fungi:F248721,Fungi,Basidiomycota,Agaricomycetes,Agaricales,Omphalotaceae,Anthracophyllum,Anthracophyllum nigritum,SPECIES,PH,"Philippines, Palawan, Taytay",,1913-05-01 0:00:00,2537442,2537442,PRESERVED_SPECIMEN,S,S-Fungi,,,E. D. Merrill
1086510362,S:S-Fungi:F239315,Fungi,Basidiomycota,Agaricomycetes,Agaricales,Agaricaceae,Agaricus,Agaricus boltonii,SPECIES,PH,"Mindanao, Davao",,1904-04-01 0:00:00,8206955,8206955,PRESERVED_SPECIMEN,S,S-Fungi,,,Copeland
1086480845,S:S-Fungi:F210058,Fungi,Basidiomycota,Agaricomycetes,Agaricales,Pleurotaceae,Pleurotus,Pleurotus flabellatus,SPECIES,PH,"Philippines, Luzon, Province of Benguet",,1911-12-01 0:00:00,2526509,2526509,PRESERVED_SPECIMEN,S,S-Fungi,,,E. Fénix
1086354537,S:S-Fungi:F83190,Fungi,Basidiomycota,Agaricomycetes,Agaricales,Inocybaceae,Pseudosperma,Pseudosperma rimosum,SPECIES,PH,"Philippinen, Prov. Rizal, Antipolo",,1921-08-01 0:00:00,2528091,10846389,PRESERVED_SPECIMEN,S,S-Fungi,,,M. Ramos
1086287674,S:S-Fungi:F44823,Fungi,Basidiomycota,Agaricomycetes,Agaricales,Mycenaceae,Panellus,Panellus minimus,SPECIES,PH,Philippinen,,,2527608,2527607,PRESERVED_SPECIMEN,S,S-Fungi,,,Merrill
1086287615,S:S-Fungi:F44822,Fungi,Basidiomycota,Agaricomycetes,Agaricales,Mycenaceae,Panellus,Panellus minimus,SPECIES,PH,"The Philippines: Mindanao, Butuan Subprovince",,1911-03-01 0:00:00,2527608,2527607,PRESERVED_SPECIMEN,S,S-Fungi,,,C. M. Weber
1086277030,S:S-Fungi:L39562,Fungi,Basidiomycota,Agaricomycetes,Agaricales,Hygrophoraceae,Dictyonema,Dictyonema reticulatum,SPECIES,PH,"Mt. Banajao, Prov. of Laguna, Luzon",,1911-02-01 0:00:00,5446260,5446260,PRESERVED_SPECIMEN,S,S-Fungi,,,E. D. Merrill
1086276986,S:S-Fungi:L39561,Fungi,Basidiomycota,Agaricomycetes,Agaricales,Hygrophoraceae,Dictyonema,Dictyonema reticulatum,SPECIES,PH,"Baguio and vicinity, Benguet subprovince, Luzon",,1911-05-01 0:00:00,5446260,5446260,PRESERVED_SPECIMEN,S,S-Fungi,,,C. B. Robinson
1086236047,S:S-Fungi:F18870,Fungi,Basidiomycota,Agaricomycetes,Agaricales,Agaricaceae,Lycoperdon,,GENUS,PH,"Philippines, Luzon, Manila.",,1904-01-01 0:00:00,9367003,,PRESERVED_SPECIMEN,S,S-Fungi,,,E. D. Merrill
1086236037,S:S-Fungi:F18869,Fungi,Basidiomycota,Agaricomycetes,Agaricales,Agaricaceae,Lycoperdon,,GENUS,PH,Philippines.,,,9367003,,PRESERVED_SPECIMEN,S,S-Fungi,,,Merrill
1086235910,S:S-Fungi:F18801,Fungi,Basidiomycota,Agaricomycetes,Agaricales,Agaricaceae,Cauloglossum,Cauloglossum saccatum,SPECIES,PH,"Mindanao, Todaya, Mt. Apo.",,,3308938,3308938,PRESERVED_SPECIMEN,S,S-Fungi,,,Elmer
1086232955,S:S-Fungi:F16296,Fungi,Basidiomycota,Agaricomycetes,Agaricales,Agaricaceae,Cyathus,Cyathus elmeri,SPECIES,PH,"Island Leyte, Palo",,,5454177,5454177,PRESERVED_SPECIMEN,S,S-Fungi,,,A. D. E. Elmer
1086230671,S:S-Fungi:F15168,Fungi,Basidiomycota,Agaricomycetes,Agaricales,Pterulaceae,Pterula,Pterula fructicola,SPECIES,PH,Luzon. Subprovince Ifugao,,1913-02-01 0:00:00,3316840,3316840,PRESERVED_SPECIMEN,S,S-Fungi,,,R. C. Mc Gregor
1086229122,S:S-Fungi:F14363,Fungi,Basidiomycota,Agaricomycetes,Agaricales,Marasmiaceae,Nothopanus,Nothopanus vinosofuscus,SPECIES,PH,"Philippines, Province of Bataan, Luzon",,1912-11-01 0:00:00,3321171,3321171,PRESERVED_SPECIMEN,S,S-Fungi,,,P. W. Graff
1086204990,S:S-Fungi:F1557,Fungi,Basidiomycota,Agaricomycetes,Agaricales,Agaricaceae,Leucocoprinus,Leucocoprinus cepistipes,SPECIES,PH,Manila.,,1910-07-01 0:00:00,2535581,2535581,PRESERVED_SPECIMEN,S,S-Fungi,,,Elmer
465874384,,Fungi,Basidiomycota,Agaricomycetes,Agaricales,Agaricaceae,Macrolepiota,Macrolepiota albuminosa,SPECIES,PH,,,,3339818,3339816,LIVING_SPECIMEN,DSMZ,Fungi,,,
465874382,,Fungi,Basidiomycota,Agaricomycetes,Agaricales,Agaricaceae,Macrolepiota,Macrolepiota albuminosa,SPECIES,PH,,,,3339818,3339816,LIVING_SPECIMEN,DSMZ,Fungi,,,
165686092,,Fungi,Basidiomycota,Agaricomycetes,Agaricales,Agaricaceae,Tulostoma,Tulostoma exasperatum,SPECIES,PH,,,,6014709,6014709,OCCURRENCE,CABI,IMI,,,
100251782,,Fungi,Basidiomycota,Agaricomycetes,Agaricales,Agaricaceae,Cyathus,Cyathus plicatus,SPECIES,PH,,,,9345161,9345161,OCCURRENCE,CABI,IMI,,,
100177487,,Fungi,Basidiomycota,Agaricomycetes,Agaricales,Marasmiaceae,Campanella,Campanella junghuhnii,SPECIES,PH,,,,5243788,5243785,OCCURRENCE,CABI,IMI,,,
38609524,df35cd88-b0fb-4918-9476-dbb17024c964,Fungi,Basidiomycota,Agaricomycetes,Agaricales,Schizophyllaceae,Schizophyllum,Schizophyllum commune,SPECIES,PH,Manila,,1912-10-04 0:00:00,5241128,5241128,PRESERVED_SPECIMEN,BPBM,BISH,,,"Graff, P.W."
38605769,fe1ac477-1449-4ed7-960c-264ab41c572b,Fungi,Basidiomycota,Agaricomycetes,Agaricales,Schizophyllaceae,Schizophyllum,Schizophyllum commune,SPECIES,PH,Province of Palawan; Puerto Princesa; Mount Pulgar,Palawan Province,1911-05-01 0:00:00,5241128,5241128,PRESERVED_SPECIMEN,BPBM,BISH,,,"Elmer, A.D.E."
38229600,3b5313ca-4196-4cc1-b457-6f5991c94b72,Fungi,Basidiomycota,Agaricomycetes,Agaricales,Psathyrellaceae,Coprinellus,Coprinellus disseminatus,SPECIES,PH,District of Davao; Todaya; Mount Apo,,1909-05-01 0:00:00,2534626,2534625,PRESERVED_SPECIMEN,BPBM,BISH,,,"Elmer, A.D.E."
38016432,997cdde7-0e98-4db6-a406-f6195d6fcf8e,Fungi,Basidiomycota,Agaricomycetes,Agaricales,Strophariaceae,Pholiota,,GENUS,PH,Province of Agusan; Cabadbaran; Mount Urdaneta,,1912-08-01 0:00:00,2528397,,PRESERVED_SPECIMEN,BPBM,BISH,,,"Elmer, A.D.E."
37641456,9270985c-ba6a-421e-abcb-5a45fbd637f3,Fungi,Basidiomycota,Agaricomycetes,Agaricales,Hymenogastraceae,Naucoria,,GENUS,PH,Province of Agusan; Cabadbaran; Mount Urdaneta,,1912-08-01 0:00:00,2524120,,PRESERVED_SPECIMEN,BPBM,BISH,,,"Elmer, A.D.E."
37347135,f96ca0b6-b0b3-402e-a7e0-da08192963d3,Fungi,Basidiomycota,Agaricomycetes,Agaricales,Marasmiaceae,Laschia,Laschia caespitosa,SPECIES,PH,Province of Negros Oriental; Dumaguete; Cuerno Mountains,,1908-06-01 0:00:00,7241200,7241200,PRESERVED_SPECIMEN,BPBM,BISH,,,"Elmer, A.D.E."
37237021,5a36fd79-e89b-4306-8301-defee38b946d,Fungi,Basidiomycota,Agaricomycetes,Agaricales,Strophariaceae,Hypholoma,Hypholoma fasciculare,SPECIES,PH,District of Davao; Todaya; Mount Apo,,1909-09-01 0:00:00,3293632,3293632,PRESERVED_SPECIMEN,BPBM,BISH,,,"Elmer, A.D.E."
36239388,fbc4d04f-12b2-42e3-aa8c-530b42aede88,Fungi,Basidiomycota,Agaricomycetes,Agaricales,Agaricaceae,Cyathus,Cyathus elmeri,SPECIES,PH,Palo,Leyte Province,1906-01-01 0:00:00,5454177,5454177,PRESERVED_SPECIMEN,BPBM,BISH,,,"Elmer, A.D.E."